{"0":{"0":-0.2071818668021813,"1":-0.14296559669743236,"2":0.18607284116627032,"3":0.0011482839374756277,"4":-0.4459700100540555},"1":{"0":-0.21733861725148473,"1":-0.008309806370313049,"2":0.23425529282039143,"3":0.3564735647344302,"4":-0.41827664479319476},"2":{"0":-0.15769246418526517,"1":-0.24070238778381314,"2":-0.2144924960617484,"3":-0.36491823046015787,"4":-0.37742761596694285}}