{"0":{"0":-0.16675827690778106,"1":-0.07902112971834861,"2":-0.510409480081955,"3":0.0404894987054588,"4":-0.03513950948260895},"1":{"0":-0.14632128988083487,"1":-0.12076220661964035,"2":-0.5356260601354577,"3":0.05371483113879681,"4":-0.0454823839450198},"2":{"0":-0.3011700331585203,"1":-0.39836022652416103,"2":-0.4538418145455288,"3":-0.36710655567072,"4":-0.3648028572667945}}