{"0":{"0":0.06482104376435308,"1":0.05495164734382268,"2":0.09045440425458469,"3":-0.8001774710281582,"4":0.12450248923440425},"1":{"0":-0.24503619870979323,"1":-0.22175599150363345,"2":-0.16608658299497953,"3":-0.16822782485966573,"4":-0.1284975673220155},"2":{"0":0.11334766915245902,"1":0.1761611798395795,"2":0.13669775974623063,"3":-0.22543916084876467,"4":0.1944355250893123}}