{"0":{"0":0.10992149002029479,"1":-0.6292951755636612,"2":-0.9695377846094658,"3":-0.8345810007002062,"4":-0.30242183846726567},"1":{"0":-0.15972937596610842,"1":-1.1951115332784117,"2":-1.0155461706101216,"3":-0.7067483546105157,"4":-0.04143009919879516},"2":{"0":-5.808574020569803,"1":-6.124159866329479,"2":-6.000910946401538,"3":-5.74021463775316,"4":-5.942198958047361},"3":{"0":-2.9059829093328657,"1":-3.808254982648436,"2":-3.130728241819769,"3":-3.8596767995410746,"4":-2.9971335276276356},"4":{"0":-0.7056459608917586,"1":-0.26833765442229274,"2":-0.4239175827811532,"3":0.17087366311892888,"4":-0.3703624402813895}}