{"0":{"0":-7.6163629845860275,"1":-13.527603797400184,"2":4.097288069443456,"3":6.059066690955824,"4":8.411811364746454},"1":{"0":-25.433383772931087,"1":-26.454002108196114,"2":-28.889900167826482,"3":-29.257459550683492,"4":-28.199259298916836},"2":{"0":-22.346156450678254,"1":-24.03803141739453,"2":-22.582614840587514,"3":-23.9406989124947,"4":-22.35676259298066},"3":{"0":-20.914576630325346,"1":-24.377620068486262,"2":-21.47541234854263,"3":-22.579102241519823,"4":-20.099008427827197},"4":{"0":0.6151645449354045,"1":1.63807489117663,"2":-0.9233214291565855,"3":-0.9462077871652391,"4":-2.9595108745388363}}