{"0":{"0":-0.3749032306721903,"1":0.38042530981020406,"2":0.3458717342668224,"3":0.2470521443734985,"4":-0.37490323067219783},"1":{"0":-0.3294607754481942,"1":-0.018210224944231846,"2":0.007438217253806505,"3":0.05178180661370918,"4":-0.3294607754482009},"2":{"0":-0.31896537044916706,"1":-0.07187811902256681,"2":0.03129370078905943,"3":0.0325657710328242,"4":-0.318965370449171}}