{"0":{"0":-0.1197494428907336,"1":0.11948914828354194,"2":0.10620215478281049,"3":-0.49321227190725453,"4":0.055004015963023914,"5":-0.002626717941572764,"6":0.26197603948409687,"7":0.03404465518987768},"1":{"0":-0.04132406891639506,"1":0.011719682980761552,"2":0.08699958421012456,"3":-0.5305544365874661,"4":0.30257640468766583,"5":-0.00954649111827731,"6":0.07798209691514332,"7":-0.05408736054944642},"2":{"0":0.2600901104864962,"1":0.03242225482809583,"2":0.0999073428329819,"3":-0.521161185823715,"4":-0.14026653615889806,"5":-0.05174372992429216,"6":0.10539881727828221,"7":0.1986474574744702},"3":{"0":0.11552860200959883,"1":0.0641523426564171,"2":0.09344768266386216,"3":-0.4389411510900375,"4":-0.18154186684690385,"5":0.38942756375487647,"6":-0.1300090407376565,"7":0.36754071289918044},"4":{"0":0.23386512826757944,"1":-0.05085031298009347,"2":0.18505043190463968,"3":-0.5279720194049746,"4":0.1297136082837061,"5":0.20311797989120398,"6":-0.20834568782610588,"7":0.20400486324757297},"5":{"0":0.0590899347576752,"1":0.10177840839414182,"2":-0.15418369199956836,"3":-0.5379438134431802,"4":0.260108088506038,"5":0.11241183663372391,"6":0.2778513226076341,"7":-0.1068567438850353}}