{"0":{"0":2.978175749132186,"1":1.799630609728544,"2":-4.4653361398178175,"3":0.6385015038747847,"4":0.34236646897315093},"1":{"0":-34.13140482756889,"1":-15.689118087350664,"2":0.4807210403749776,"3":-51.76706797125001,"4":-66.16763824569473},"2":{"0":-25.589774514509248,"1":-27.65576755355091,"2":-23.043541665031647,"3":-29.194581715555987,"4":-31.638706715958225},"3":{"0":-19.66609307322376,"1":-28.034754740510134,"2":-30.596560234720506,"3":-16.848187342487083,"4":-13.144587442732606},"4":{"0":-26.485093571379238,"1":-22.18453323984014,"2":-15.489073449653675,"3":-37.01900816097727,"4":-42.77944443506913}}