{"0":{"0":-3.000851828395897,"1":-3.793164457731134,"2":-2.668120672135698,"3":-2.5344541198110186,"4":-2.691171653875158,"5":-3.3950236224019363,"6":-2.8436662364916496,"7":-3.3332535669160075},"1":{"0":-1.9288201157422242,"1":-2.131081046351852,"2":-2.178278156280293,"3":-1.632895959853787,"4":-1.5151946619327183,"5":-1.5224832454526827,"6":-1.7127034536715162,"7":-1.5796104359395275},"2":{"0":-2.9914999733380165,"1":-3.4695466516318305,"2":-2.502878481466847,"3":-2.047579167717647,"4":-2.165470539260458,"5":-2.1345544408789743,"6":-3.1730288367982773,"7":-2.8103371320616883},"3":{"0":0.49368512250254004,"1":-0.2484327764568179,"2":-0.03141102258272863,"3":-0.17646559434543735,"4":-0.16635335055189107,"5":0.45359966513045585,"6":-0.2188689570566306,"7":0.3359072386186858},"4":{"0":-3.030431529308221,"1":-3.121591084622856,"2":-2.6709787576062953,"3":-2.3765024327130844,"4":-2.6952680554615203,"5":-3.1342412525125734,"6":-3.0948170844258494,"7":-2.8555885734008335},"5":{"0":-4.28285098061758,"1":-4.931401511658443,"2":-3.535333072307903,"3":-3.2543575048301436,"4":-4.297453653641177,"5":-4.254957656110431,"6":-3.6780809401424186,"7":-3.553920654083318},"6":{"0":-2.6258276843378816,"1":-2.707013823590786,"2":-1.7383295317525314,"3":-2.102626904503071,"4":-2.5885662752615124,"5":-2.3495143520163815,"6":-2.8362296960759017,"7":-2.4524537264873274},"7":{"0":-3.964133806663306,"1":-4.640676779421564,"2":-3.1261268098366486,"3":-3.477716166574926,"4":-4.218189069692923,"5":-3.4463909013114877,"6":-3.874171908105795,"7":-4.292833979452241}}