{"0":{"0":-0.2951753828695135,"1":-0.10309931435911221,"2":-0.2636403119112039,"3":-0.11607606907668747,"4":-0.09106270300748302},"1":{"0":-0.21816093902472442,"1":-0.11714789260252989,"2":-0.23442743427639892,"3":0.08112191786453433,"4":0.006538459102165316},"2":{"0":-0.24163264144905308,"1":-0.4028572362293702,"2":-0.27749695760474136,"3":-0.20449884894516013,"4":-0.23017044771326828}}