{"0":{"0":-0.7336698838806182,"1":-0.6070303462187783,"2":-0.6857067288463758,"3":-0.6946300721059623,"4":0.11843194287641637},"1":{"0":-1.0850713110765162,"1":-0.7157192799028793,"2":-1.2365386800204525,"3":-0.17664361404719486,"4":-0.020640660457797402},"2":{"0":-0.6724708447331575,"1":-0.4109419510051889,"2":-1.2541444052554727,"3":-0.27300752711069665,"4":0.0765086513034014},"3":{"0":-1.4612106093827866,"1":-0.9210886637334523,"2":-0.7221925634736601,"3":-1.0263185493316633,"4":-0.5787354762211195},"4":{"0":-0.8604559855068269,"1":-0.9228851392847852,"2":-0.9175943269464661,"3":-1.026537138377405,"4":-0.5745819883652941}}