{"0":{"0":9.822215819726177,"1":2.2562744121173495,"2":-6.769965481450589,"3":-12.164224577157894,"4":4.627287577937901},"1":{"0":-26.0619396853932,"1":-28.160342722068158,"2":-27.560692494552747,"3":-26.25457607386447,"4":-27.471058169358706},"2":{"0":-35.53447229433303,"1":-39.39134807403933,"2":-38.791321415945134,"3":-36.004590539528536,"4":-38.83564158145421},"3":{"0":-34.08594851329754,"1":-34.33609886110021,"2":-31.778913676472687,"3":-29.266037958011896,"4":-33.96553836103769},"4":{"0":-5.930578650040126,"1":-1.1236352497509803,"2":1.37679671505928,"3":5.248204725352589,"4":-1.7991997894477816}}