{"0":{"0":-0.3535959885721678,"1":0.2529716683923143,"2":0.28897434048958187,"3":0.27934372383713896,"4":-0.35359598923934304},"1":{"0":-0.30421040979334796,"1":-0.1719800131096753,"2":-0.15247317128721385,"3":-0.1342139470894673,"4":-0.3042104105538835},"2":{"0":-0.3160847789945357,"1":0.29774639809634545,"2":0.16078190649463364,"3":0.12514376894782317,"4":-0.3160847796602701}}