{"0":{"0":-3.9376054191860117,"1":-3.7951597553495997,"2":-8.531976687179345,"3":-3.0939234721427598,"4":-3.826366188731418},"1":{"0":-21.78723990197128,"1":-21.85623695273145,"2":-31.96229035115776,"3":-20.470468425935145,"4":-22.576146134540384},"2":{"0":-21.768139864030424,"1":-21.99963163858127,"2":-29.769190079454244,"3":-20.60816852093837,"4":-22.194829929512824},"3":{"0":-0.5668368153269255,"1":0.17470464388942714,"2":-1.5420048908836497,"3":0.44452443314393386,"4":-0.7374085609646611},"4":{"0":-16.444497799687998,"1":-16.034367534993386,"2":-23.578632028640065,"3":-15.285209730096131,"4":-16.301386480257204}}