{"0":{"0":0.03503870296453381,"1":-0.10920302603810635,"2":0.34025838694265037,"3":-0.6546496828275135,"4":0.192628944711701},"1":{"0":-0.33267521428294733,"1":-0.14374471144912568,"2":0.13399000610345663,"3":-0.36023036435150463,"4":0.11524990468376584},"2":{"0":0.3374339734594549,"1":-0.5371632863682286,"2":-0.2901169658541113,"3":0.7498216339721958,"4":0.427870803118097}}