{"0":{"0":-12.164941097756996,"1":-13.575365491378468,"2":-6.242984879149794,"3":-17.53926922743399,"4":-10.17279200256334},"1":{"0":4.333051390607288,"1":-7.499203947861464,"2":-19.695155880305045,"3":-3.471114870541403,"4":6.378846297199949},"2":{"0":-5.599763552964517,"1":-7.783582924246355,"2":-11.700736846825848,"3":-6.278920816547427,"4":-4.2576390226414995},"3":{"0":-2.5362752822402985,"1":2.357152180311502,"2":4.330853003613569,"3":0.8240566390031222,"4":-4.95594449177967},"4":{"0":-38.73029998881881,"1":-19.526890409267516,"2":-0.3637868819138824,"3":-26.86736601451658,"4":-39.374833806301886}}