{"0":{"0":-0.37967729622950164,"1":-0.9435872393247784,"2":-0.6498433251646384,"3":-0.7105191224487848,"4":-1.0724729464645746},"1":{"0":-1.1995118154164826,"1":-0.6132932867717438,"2":-0.7130935247857658,"3":-0.7257689847612999,"4":-0.8868644731047619},"2":{"0":-0.26144082049481293,"1":-0.2586320323452497,"2":-0.811260426904128,"3":-0.35874949182544585,"4":-0.37948285279088345},"3":{"0":-1.2433717387905086,"1":-0.6588733347928073,"2":-1.3869291160861583,"3":-1.566677803223557,"4":-1.1403675064364793},"4":{"0":-0.708844492176886,"1":-0.7871070010600698,"2":-1.1128563092505896,"3":-0.9467627050629186,"4":-1.2138753081173566}}