{"0":{"0":-0.7138426113606331,"1":-0.05750875766013838,"2":0.3165641378291321,"3":0.2852256712572874,"4":0.3685117524668128},"1":{"0":-0.6179884358710526,"1":-0.2561484648038179,"2":-0.2628698985811302,"3":-0.2558669802162289,"4":-0.29893133406196953},"2":{"0":0.5345616780535226,"1":-0.6688640256716492,"2":-0.017971911693643296,"3":0.062310435778044945,"4":-0.08806291297242795}}