{"0":{"0":0.5082961604808616,"1":1.3053097201245114,"2":0.4729855691130065,"3":0.16308063374501258,"4":0.21094713651069094},"1":{"0":0.5028427869721669,"1":0.4131016404013506,"2":0.6182680067117856,"3":0.5514312137662699,"4":0.4224613897427301},"2":{"0":0.785586658571054,"1":1.053479647398874,"2":0.3763245075158075,"3":0.3341129477410091,"4":0.9888391208306729},"3":{"0":0.24759824659401,"1":1.290453944692606,"2":0.9249220352230442,"3":0.3970161212355474,"4":0.7441423103825293},"4":{"0":0.7470086156685992,"1":1.0866165492066888,"2":0.49426654397308506,"3":0.3520039570887147,"4":0.28853357858471135}}