{"0":{"0":1.683614752059341,"1":46.96756396140532,"2":0.38174769147528614,"3":1.3056253250709189,"4":8.324600992762289},"1":{"0":1.0870343148147454,"1":56.76452819539187,"2":-0.07229832730718308,"3":-0.9739865589815917,"4":9.013730280399667},"2":{"0":0.8250217310125367,"1":54.5300348407134,"2":0.3182025641108669,"3":-0.6207715019369173,"4":8.77076779096953},"3":{"0":1.0129112914683738,"1":54.422563956721866,"2":0.3281286886151479,"3":-0.7720163198224573,"4":9.159622821192638},"4":{"0":1.1737370929632314,"1":44.89877184500559,"2":0.9193462445799355,"3":0.4306985544519164,"4":7.84978627143778}}