{"0":{"0":35.74699235482445,"1":342.7894426207481,"2":30.971901160030633,"3":274.202060793716,"4":78.01951946779522},"1":{"0":38.49143253517947,"1":402.6012333587995,"2":32.37392008739796,"3":287.54817190537995,"4":88.58143178676323},"2":{"0":34.72525982518794,"1":397.1690332471229,"2":28.44799373022423,"3":253.9311647057081,"4":84.98284608630416},"3":{"0":30.2567291698447,"1":366.9396056489902,"2":24.349305749843325,"3":216.3959658996768,"4":76.79849128007687},"4":{"0":37.78982833905416,"1":387.3767362724794,"2":32.061759074493295,"3":284.50569466968227,"4":86.54820953713154}}