{"0":{"0":12.20585898053668,"1":-53.59866078188897,"2":12.827723618077176,"3":113.78974192970956,"4":2.486712074831891},"1":{"0":13.181878746493012,"1":-34.428272821106,"2":14.251247529618121,"3":122.67512208934578,"4":6.306948407657527},"2":{"0":14.663917615374258,"1":-93.82097638991475,"2":16.777639002537,"3":145.3420780162708,"4":-1.090778182938811},"3":{"0":15.711801291284443,"1":-97.14486152839677,"2":17.646386758766468,"3":157.36546999318438,"4":-1.0808401048299128},"4":{"0":15.168353986428935,"1":-99.0128910053662,"2":16.371288752350107,"3":146.1436002796478,"4":-1.6189464088549652}}