{"0":{"0":10.047968229403633,"1":-109.12416617765336,"2":11.852121172875506,"3":102.44905098733787,"4":-7.91577756559218},"1":{"0":9.803928371659463,"1":-106.19632848691252,"2":11.798940363470447,"3":103.44184950418729,"4":-7.436233647706347},"2":{"0":10.939177167971408,"1":-178.72383588101528,"2":14.72434602945459,"3":125.11199993651334,"4":-16.10719079657849},"3":{"0":8.28121411942823,"1":-91.97165362853694,"2":10.949658666062449,"3":91.43361783651497,"4":-6.041654900562019},"4":{"0":9.918752321954404,"1":-113.75627645514666,"2":11.883645107993962,"3":106.20268911847288,"4":-8.262636824134734}}