{"0":{"0":1.0611427712848325,"1":1.1995572370090544,"2":1.1412928620875287,"3":6.285683029056408,"4":1.1311946866584117},"1":{"0":1.839103005696232,"1":0.9856090245659507,"2":1.6599028958409863,"3":8.30695547442031,"4":0.8507649796349299},"2":{"0":1.2461405126802079,"1":0.6058383009046489,"2":0.9447614136536129,"3":4.280824944294107,"4":0.5483176836101512},"3":{"0":1.020402081186327,"1":0.567588782238472,"2":1.277993241808618,"3":3.876667091189696,"4":1.1885613456532336},"4":{"0":0.6489810484496978,"1":1.1847041486981214,"2":1.4531819899470972,"3":5.4204883371314,"4":0.7144356009987057},"5":{"0":1.3839669336690514,"1":0.6603718861979374,"2":0.9102526602618483,"3":5.343846210040929,"4":1.4485674358378104},"6":{"0":1.069894732211737,"1":0.9618598788768669,"2":1.2191118816545166,"3":5.770168364354611,"4":1.1702433682553448},"7":{"0":1.2485619604755087,"1":0.7826435153507967,"2":1.1046963326269146,"3":5.674593146408391,"4":0.7053275262959459}}