{"0":{"0":0.2381210525901761,"1":0.9286064752649994,"2":0.2731596016934267,"3":0.9552223421719243,"4":1.0179113024023219},"1":{"0":0.746607043503331,"1":0.5535678111686683,"2":0.9668299422677109,"3":0.4732250868813053,"4":0.21132044121084356},"2":{"0":0.5433283526204823,"1":1.0144973142729772,"2":1.004565280432887,"3":1.065409056995729,"4":0.3452654942484594},"3":{"0":0.7271471359502899,"1":0.35626011087432286,"2":0.994758529643246,"3":0.1380425803697337,"4":0.7813283021842342},"4":{"0":-0.015555508850465413,"1":0.6006418085256553,"2":0.9359572431021375,"3":-0.5286792568424366,"4":0.14608046544511522}}