{"0":{"0":-11.932566928808546,"1":295.29914773873924,"2":-17.5430973918589,"3":-163.98629934383965,"4":30.363184405291772},"1":{"0":-1.117005353226956,"1":300.583149102548,"2":-6.985870549858429,"3":-67.15338507609646,"4":39.82907031211755},"2":{"0":6.276272174080528,"1":225.60916875626728,"2":2.390830162521943,"3":20.99495239886587,"4":37.145155696802505},"3":{"0":-25.97617960985731,"1":329.0322879174116,"2":-33.656813155032744,"3":-303.96774367961393,"4":23.207676485526612},"4":{"0":-38.422101949576316,"1":412.64142628609113,"2":-48.218691918163394,"3":-433.268875897656,"4":24.659235864368803}}