{"0":{"0":14.915871162624187,"1":22.388510455285527,"2":15.578357730092327,"3":136.63103721106268,"4":16.124072050915164},"1":{"0":5.151139282574244,"1":37.57311000553636,"2":4.2579047981212925,"3":32.27918905065435,"4":9.037146209085526},"2":{"0":0.32295875111047334,"1":53.56505861411371,"2":-1.6413592842065767,"3":-14.636674887212402,"4":8.5360471136723},"3":{"0":8.133814860355717,"1":34.364659835887515,"2":8.156339220024442,"3":68.44655248760388,"4":12.475996556453492},"4":{"0":15.815148095877081,"1":15.508522517059014,"2":16.474137814108012,"3":142.72246495093066,"4":15.696207903304783}}